Workbook
Name Category: Sales_Data!$D$1:$D$101
Name CustomerType: Sales_Data!$L$1:$L$101
Name Discount: Sales_Data!$I$1:$I$101
Name Profit: Sales_Data!$K$1:$K$101
Name Rating: Sales_Data!$M$1:$M$101
Name Region: Sales_Data!$C$1:$C$101
Name Sales: Sales_Data!$J$1:$J$101
Name SalesRep: Sales_Data!$F$1:$F$101
Name UnitPrice: Sales_Data!$H$1:$H$101
Name Units: Sales_Data!$G$1:$G$101

Sheet Instructions
B2: Excel Analytics Practice Assignment
B5: Topics Covered
B6: • Conditional Formatting (Highlight Rules, Data Bars, Color Scales, Icon Sets, Duplicates)
B7: • IF (single condition)
B8: • Nested IF (multiple conditions)
B9: • IFS (multiple conditions, cleaner syntax)
B10: • SUMIF / SUMIFS
B11: • AVERAGEIF / AVERAGEIFS
B12: • COUNTIF / COUNTIFS
B13: • MINIFS / MAXIFS
B15: Instructions for Students
B16: 1. All questions use the dataset in the 'Sales_Data' sheet. Do not change the raw data.
... B26: G: Units | H: UnitPrice | I: Discount% | J: Sales | K: Profit | L: CustomerType | M: Rating(1-5)

Sheet Sales_Data
A1: OrderID | B1: OrderDate | C1: Region | D1: Category | E1: Product | F1: SalesRep | G1: Units | H1: UnitPrice | I1: Discount% | J1: Sales | K1: Profit | L1: CustomerType | M1: Rating
A2: ORD1001 | B2: 45985 | C2: North | D2: Electronics | E2: Headphones | F2: Karan | G2: 8 | H2: 6408.28 | I2: 0 | J2: =G2*H2*(1-I2) -> 51266.24 | K2: =ROUND(J2*0.194,2) -> 9945.65 | L2: Retail | M2: 5
A3: ORD1002 | B3: 45673 | C3: North | D3: Furniture | E3: Study Table | F3: Ananya | G3: 18 | H3: 2029.89 | I3: 0.15 | J3: =G3*H3*(1-I3) -> 31057.317 | K3: =ROUND(J3*0.201,2) -> 6242.52 | L3: Wholesale | M3: 2
A4: ORD1003 | B4: 45800 | C4: North | D4: Furniture | E4: Sofa | F4: Vikram | G4: 9 | H4: 1652.67 | I4: 0.2 | J4: =G4*H4*(1-I4) -> 11899.224 | K4: =ROUND(J4*0.105,2) -> 1249.42 | L4: Wholesale | M4: 1
A5: ORD1004 | B5: 45707 | C5: East | D5: Clothing | E5: Cap | F5: Sneha | G5: 2 | H5: 2594.6 | I5: 0.1 | J5: =G5*H5*(1-I5) -> 4670.28 | K5: =ROUND(J5*0.101,2) -> 471.7 | L5: Retail | M5: 4
A6: ORD1005 | B6: 45808 | C6: East | D6: Stationery | E6: Pen Set | F6: Rohit | G6: 2 | H6: 2365.23 | I6: 0.2 | J6: =G6*H6*(1-I6) -> 3784.368 | K6: =ROUND(J6*0.311,2) -> 1176.94 | L6: Wholesale | M6: 1
A7: ORD1006 | B7: 45709 | C7: West | D7: Clothing | E7: Shoes | F7: Vikram | G7: 6 | H7: 1390.11 | I7: 0 | J7: =G7*H7*(1-I7) -> 8340.66 | K7: =ROUND(J7*0.244,2) -> 2035.12 | L7: Wholesale | M7: 1
A8: ORD1007 | B8: 45745 | C8: South | D8: Furniture | E8: Sofa | F8: Meera | G8: 9 | H8: 8908.85 | I8: 0.15 | J8: =G8*H8*(1-I8) -> 68152.702 | K8: =ROUND(J8*0.308,2) -> 20991.03 | L8: Retail | M8: 3
A9: ORD1008 | B9: 45686 | C9: South | D9: Electronics | E9: Headphones | F9: Meera | G9: 9 | H9: 3118.56 | I9: 0.1 | J9: =G9*H9*(1-I9) -> 25260.336 | K9: =ROUND(J9*0.257,2) -> 6491.91 | L9: Wholesale | M9: 2
A10: ORD1009 | B10: 45860 | C10: West | D10: Furniture | E10: Bookshelf | F10: Priya | G10: 8 | H10: 6781.4 | I10: 0.1 | J10: =G10*H10*(1-I10) -> 48826.08 | K10: =ROUND(J10*0.196,2) -> 9569.91 | L10: Wholesale | M10: 5
A11: ORD1010 | B11: 45956 | C11: West | D11: Clothing | E11: Jeans | F11: Priya | G11: 17 | H11: 1803.28 | I11: 0.2 | J11: =G11*H11*(1-I11) -> 24524.608 | K11: =ROUND(J11*0.121,2) -> 2967.48 | L11: Retail | M11: 1
A12: ORD1011 | B12: 45739 | C12: West | D12: Stationery | E12: Notebook | F12: Meera | G12: 13 | H12: 2146.23 | I12: 0.1 | J12: =G12*H12*(1-I12) -> 25110.891 | K12: =ROUND(J12*0.312,2) -> 7834.6 | L12: Wholesale | M12: 5
A13: ORD1012 | B13: 45663 | C13: North | D13: Stationery | E13: Backpack | F13: Vikram | G13: 4 | H13: 1133.23 | I13: 0 | J13: =G13*H13*(1-I13) -> 4532.92 | K13: =ROUND(J13*0.338,2) -> 1532.13 | L13: Wholesale | M13: 1
A14: ORD1013 | B14: 45792 | C14: South | D14: Stationery | E14: Notebook | F14: Sneha | G14: 21 | H14: 1850.67 | I14: 0 | J14: =G14*H14*(1-I14) -> 38864.07 | K14: =ROUND(J14*0.286,2) -> 11115.12 | L14: Retail | M14: 3
A15: ORD1014 | B15: 45934 | C15: North | D15: Stationery | E15: Backpack | F15: Arjun | G15: 1 | H15: 524.76 | I15: 0.05 | J15: =G15*H15*(1-I15) -> 498.522 | K15: =ROUND(J15*0.096,2) -> 47.86 | L15: Wholesale | M15: 2
A16: ORD1015 | B16: 45948 | C16: North | D16: Electronics | E16: Tablet | F16: Rohit | G16: 25 | H16: 24041.87 | I16: 0 | J16: =G16*H16*(1-I16) -> 601046.75 | K16: =ROUND(J16*0.336,2) -> 201951.71 | L16: Retail | M16: 4
A17: ORD1016 | B17: 45742 | C17: East | D17: Stationery | E17: Desk Organizer | F17: Meera | G17: 7 | H17: 3261.86 | I17: 0.2 | J17: =G17*H17*(1-I17) -> 18266.416 | K17: =ROUND(J17*0.188,2) -> 3434.09 | L17: Retail | M17: 3
A18: ORD1017 | B18: 46001 | C18: East | D18: Grocery | E18: Spices | F18: Arjun | G18: 4 | H18: 980.48 | I18: 0 | J18: =G18*H18*(1-I18) -> 3921.92 | K18: =ROUND(J18*0.239,2) -> 937.34 | L18: Wholesale | M18: 1
A19: ORD1018 | B19: 45775 | C19: South | D19: Electronics | E19: Laptop | F19: Ananya | G19: 8 | H19: 3172.9 | I19: 0 | J19: =G19*H19*(1-I19) -> 25383.2 | K19: =ROUND(J19*0.219,2) -> 5558.92 | L19: Wholesale | M19: 1
A20: ORD1019 | B20: 45800 | C20: West | D20: Furniture | E20: Bed Frame | F20: Priya | G20: 24 | H20: 8438.97 | I20: 0.1 | J20: =G20*H20*(1-I20) -> 182281.75 | K20: =ROUND(J20*0.292,2) -> 53226.27 | L20: Wholesale | M20: 2
A21: ORD1020 | B21: 45866 | C21: South | D21: Electronics | E21: Laptop | F21: Meera | G21: 12 | H21: 19147.5 | I21: 0.1 | J21: =G21*H21*(1-I21) -> 206793 | K21: =ROUND(J21*0.096,2) -> 19852.13 | L21: Retail | M21: 1
A22: ORD1021 | B22: 45831 | C22: North | D22: Furniture | E22: Study Table | F22: Karan | G22: 18 | H22: 4202.94 | I22: 0.1 | J22: =G22*H22*(1-I22) -> 68087.628 | K22: =ROUND(J22*0.205,2) -> 13957.96 | L22: Retail | M22: 3
A23: ORD1022 | B23: 45696 | C23: West | D23: Stationery | E23: Notebook | F23: Ananya | G23: 21 | H23: 3497.6 | I23: 0.2 | J23: =G23*H23*(1-I23) -> 58759.68 | K23: =ROUND(J23*0.33,2) -> 19390.69 | L23: Retail | M23: 1
A24: ORD1023 | B24: 45779 | C24: South | D24: Grocery | E24: Beverages | F24: Arjun | G24: 7 | H24: 3046.58 | I24: 0 | J24: =G24*H24*(1-I24) -> 21326.06 | K24: =ROUND(J24*0.081,2) -> 1727.41 | L24: Retail | M24: 4
A25: ORD1024 | B25: 45857 | C25: East | D25: Grocery | E25: Snack Pack | F25: Meera | G25: 23 | H25: 3357.01 | I25: 0.2 | J25: =G25*H25*(1-I25) -> 61768.984 | K25: =ROUND(J25*0.131,2) -> 8091.74 | L25: Wholesale | M25: 2
A26: ORD1025 | B26: 45769 | C26: North | D26: Stationery | E26: Desk Organizer | F26: Ananya | G26: 24 | H26: 1200.58 | I26: 0 | J26: =G26*H26*(1-I26) -> 28813.92 | K26: =ROUND(J26*0.328,2) -> 9450.97 | L26: Wholesale | M26: 5
A27: ORD1026 | B27: 45929 | C27: South | D27: Electronics | E27: Smartwatch | F27: Rohit | G27: 6 | H27: 3223.18 | I27: 0 | J27: =G27*H27*(1-I27) -> 19339.08 | K27: =ROUND(J27*0.112,2) -> 2165.98 | L27: Retail | M27: 4
A28: ORD1027 | B28: 45949 | C28: South | D28: Stationery | E28: Desk Organizer | F28: Ananya | G28: 20 | H28: 424.64 | I28: 0.15 | J28: =G28*H28*(1-I28) -> 7218.88 | K28: =ROUND(J28*0.135,2) -> 974.55 | L28: Wholesale | M28: 3
A29: ORD1028 | B29: 45818 | C29: South | D29: Clothing | E29: Shoes | F29: Priya | G29: 22 | H29: 2312.43 | I29: 0.1 | J29: =G29*H29*(1-I29) -> 45786.114 | K29: =ROUND(J29*0.083,2) -> 3800.25 | L29: Wholesale | M29: 1
A30: ORD1029 | B30: 45976 | C30: North | D30: Electronics | E30: Smartwatch | F30: Karan | G30: 17 | H30: 12044.24 | I30: 0.05 | J30: =G30*H30*(1-I30) -> 194514.48 | K30: =ROUND(J30*0.18,2) -> 35012.61 | L30: Retail | M30: 2
A31: ORD1030 | B31: 45738 | C31: West | D31: Stationery | E31: Backpack | F31: Ananya | G31: 22 | H31: 2887.3 | I31: 0.05 | J31: =G31*H31*(1-I31) -> 60344.57 | K31: =ROUND(J31*0.151,2) -> 9112.03 | L31: Retail | M31: 2
A32: ORD1031 | B32: 45712 | C32: South | D32: Clothing | E32: Jacket | F32: Karan | G32: 23 | H32: 1298.65 | I32: 0.15 | J32: =G32*H32*(1-I32) -> 25388.607 | K32: =ROUND(J32*0.212,2) -> 5382.38 | L32: Wholesale | M32: 5
A33: ORD1032 | B33: 45684 | C33: North | D33: Grocery | E33: Snack Pack | F33: Ananya | G33: 1 | H33: 1267.41 | I33: 0 | J33: =G33*H33*(1-I33) -> 1267.41 | K33: =ROUND(J33*0.28,2) -> 354.87 | L33: Wholesale | M33: 2
A34: ORD1033 | B34: 45940 | C34: West | D34: Stationery | E34: Notebook | F34: Rohit | G34: 3 | H34: 3315.92 | I34: 0.15 | J34: =G34*H34*(1-I34) -> 8455.596 | K34: =ROUND(J34*0.09,2) -> 761 | L34: Retail | M34: 5
A35: ORD1034 | B35: 45847 | C35: South | D35: Grocery | E35: Cooking Oil | F35: Ananya | G35: 10 | H35: 1371.58 | I35: 0.2 | J35: =G35*H35*(1-I35) -> 10972.64 | K35: =ROUND(J35*0.137,2) -> 1503.25 | L35: Retail | M35: 3
A36: ORD1035 | B36: 45785 | C36: North | D36: Clothing | E36: Cap | F36: Meera | G36: 20 | H36: 2660.75 | I36: 0 | J36: =G36*H36*(1-I36) -> 53215 | K36: =ROUND(J36*0.318,2) -> 16922.37 | L36: Retail | M36: 2
A37: ORD1036 | B37: 45670 | C37: South | D37: Clothing | E37: Shoes | F37: Karan | G37: 9 | H37: 683.31 | I37: 0.15 | J37: =G37*H37*(1-I37) -> 5227.3215 | K37: =ROUND(J37*0.315,2) -> 1646.61 | L37: Retail | M37: 4
A38: ORD1037 | B38: 45898 | C38: South | D38: Furniture | E38: Sofa | F38: Vikram | G38: 10 | H38: 7438.67 | I38: 0.2 | J38: =G38*H38*(1-I38) -> 59509.36 | K38: =ROUND(J38*0.086,2) -> 5117.8 | L38: Retail | M38: 2
A39: ORD1038 | B39: 45756 | C39: West | D39: Clothing | E39: Jacket | F39: Rohit | G39: 25 | H39: 1085.07 | I39: 0.15 | J39: =G39*H39*(1-I39) -> 23057.737 | K39: =ROUND(J39*0.169,2) -> 3896.76 | L39: Wholesale | M39: 5
A40: ORD1039 | B40: 45672 | C40: North | D40: Clothing | E40: Jeans | F40: Sneha | G40: 2 | H40: 513.15 | I40: 0.1 | J40: =G40*H40*(1-I40) -> 923.67 | K40: =ROUND(J40*0.198,2) -> 182.89 | L40: Wholesale | M40: 3
A41: ORD1040 | B41: 45919 | C41: North | D41: Grocery | E41: Spices | F41: Karan | G41: 9 | H41: 298.69 | I41: 0.1 | J41: =G41*H41*(1-I41) -> 2419.389 | K41: =ROUND(J41*0.33,2) -> 798.4 | L41: Retail | M41: 5
A42: ORD1041 | B42: 45933 | C42: South | D42: Clothing | E42: Shoes | F42: Rohit | G42: 22 | H42: 3234.58 | I42: 0.1 | J42: =G42*H42*(1-I42) -> 64044.684 | K42: =ROUND(J42*0.274,2) -> 17548.24 | L42: Wholesale | M42: 1
A43: ORD1042 | B43: 45811 | C43: East | D43: Grocery | E43: Snack Pack | F43: Meera | G43: 23 | H43: 1140.44 | I43: 0 | J43: =G43*H43*(1-I43) -> 26230.12 | K43: =ROUND(J43*0.26,2) -> 6819.83 | L43: Retail | M43: 4
A44: ORD1043 | B44: 45852 | C44: South | D44: Stationery | E44: Desk Organizer | F44: Sneha | G44: 13 | H44: 1985.59 | I44: 0 | J44: =G44*H44*(1-I44) -> 25812.67 | K44: =ROUND(J44*0.137,2) -> 3536.34 | L44: Wholesale | M44: 3
A45: ORD1044 | B45: 45954 | C45: East | D45: Grocery | E45: Beverages | F45: Arjun | G45: 22 | H45: 865.9 | I45: 0.1 | J45: =G45*H45*(1-I45) -> 17144.82 | K45: =ROUND(J45*0.157,2) -> 2691.74 | L45: Retail | M45: 1
A46: ORD1045 | B46: 45997 | C46: East | D46: Electronics | E46: Smartphone | F46: Sneha | G46: 8 | H46: 36324.35 | I46: 0 | J46: =G46*H46*(1-I46) -> 290594.8 | K46: =ROUND(J46*0.146,2) -> 42426.84 | L46: Retail | M46: 1
A47: ORD1046 | B47: 45901 | C47: North | D47: Grocery | E47: Beverages | F47: Karan | G47: 23 | H47: 2482.79 | I47: 0.1 | J47: =G47*H47*(1-I47) -> 51393.753 | K47: =ROUND(J47*0.12,2) -> 6167.25 | L47: Wholesale | M47: 2
A48: ORD1047 | B48: 46010 | C48: North | D48: Electronics | E48: Tablet | F48: Karan | G48: 6 | H48: 36214.33 | I48: 0.15 | J48: =G48*H48*(1-I48) -> 184693.08 | K48: =ROUND(J48*0.23,2) -> 42479.41 | L48: Wholesale | M48: 1
A49: ORD1048 | B49: 45720 | C49: West | D49: Furniture | E49: Sofa | F49: Vikram | G49: 25 | H49: 8055.41 | I49: 0.1 | J49: =G49*H49*(1-I49) -> 181246.73 | K49: =ROUND(J49*0.2,2) -> 36249.35 | L49: Wholesale | M49: 5
A50: ORD1049 | B50: 45739 | C50: West | D50: Grocery | E50: Snack Pack | F50: Karan | G50: 21 | H50: 1078.99 | I50: 0.2 | J50: =G50*H50*(1-I50) -> 18127.032 | K50: =ROUND(J50*0.154,2) -> 2791.56 | L50: Wholesale | M50: 2
A51: ORD1050 | B51: 45697 | C51: East | D51: Furniture | E51: Bookshelf | F51: Vikram | G51: 11 | H51: 8069.33 | I51: 0 | J51: =G51*H51*(1-I51) -> 88762.63 | K51: =ROUND(J51*0.142,2) -> 12604.29 | L51: Retail | M51: 2
A52: ORD1051 | B52: 46013 | C52: South | D52: Furniture | E52: Office Chair | F52: Meera | G52: 14 | H52: 3178.67 | I52: 0.1 | J52: =G52*H52*(1-I52) -> 40051.242 | K52: =ROUND(J52*0.136,2) -> 5446.97 | L52: Wholesale | M52: 1
A53: ORD1052 | B53: 45873 | C53: West | D53: Stationery | E53: Notebook | F53: Meera | G53: 16 | H53: 169.75 | I53: 0.05 | J53: =G53*H53*(1-I53) -> 2580.2 | K53: =ROUND(J53*0.31,2) -> 799.86 | L53: Wholesale | M53: 4
A54: ORD1053 | B54: 45872 | C54: South | D54: Grocery | E54: Cooking Oil | F54: Sneha | G54: 14 | H54: 1776.9 | I54: 0.1 | J54: =G54*H54*(1-I54) -> 22388.94 | K54: =ROUND(J54*0.276,2) -> 6179.35 | L54: Wholesale | M54: 4
A55: ORD1054 | B55: 45897 | C55: South | D55: Stationery | E55: Desk Organizer | F55: Ananya | G55: 13 | H55: 2132.84 | I55: 0.15 | J55: =G55*H55*(1-I55) -> 23567.882 | K55: =ROUND(J55*0.254,2) -> 5986.24 | L55: Retail | M55: 1
A56: ORD1055 | B56: 45727 | C56: West | D56: Furniture | E56: Office Chair | F56: Sneha | G56: 13 | H56: 3147.97 | I56: 0.1 | J56: =G56*H56*(1-I56) -> 36831.249 | K56: =ROUND(J56*0.286,2) -> 10533.74 | L56: Wholesale | M56: 3
A57: ORD1056 | B57: 45852 | C57: East | D57: Grocery | E57: Snack Pack | F57: Rohit | G57: 16 | H57: 214.93 | I57: 0.1 | J57: =G57*H57*(1-I57) -> 3094.992 | K57: =ROUND(J57*0.141,2) -> 436.39 | L57: Retail | M57: 3
A58: ORD1057 | B58: 45693 | C58: North | D58: Electronics | E58: Smartphone | F58: Karan | G58: 1 | H58: 28016.9 | I58: 0 | J58: =G58*H58*(1-I58) -> 28016.9 | K58: =ROUND(J58*0.261,2) -> 7312.41 | L58: Retail | M58: 4
A59: ORD1058 | B59: 45946 | C59: South | D59: Grocery | E59: Snack Pack | F59: Vikram | G59: 6 | H59: 2179.74 | I59: 0.15 | J59: =G59*H59*(1-I59) -> 11116.674 | K59: =ROUND(J59*0.34,2) -> 3779.67 | L59: Retail | M59: 2
A60: ORD1059 | B60: 45713 | C60: North | D60: Clothing | E60: Cap | F60: Meera | G60: 13 | H60: 3303.93 | I60: 0 | J60: =G60*H60*(1-I60) -> 42951.09 | K60: =ROUND(J60*0.266,2) -> 11424.99 | L60: Retail | M60: 5
A61: ORD1060 | B61: 45979 | C61: South | D61: Electronics | E61: Headphones | F61: Rohit | G61: 19 | H61: 35251.2 | I61: 0.05 | J61: =G61*H61*(1-I61) -> 636284.16 | K61: =ROUND(J61*0.099,2) -> 62992.13 | L61: Wholesale | M61: 3
A62: ORD1061 | B62: 45989 | C62: East | D62: Electronics | E62: Tablet | F62: Arjun | G62: 4 | H62: 19593.52 | I62: 0.05 | J62: =G62*H62*(1-I62) -> 74455.376 | K62: =ROUND(J62*0.198,2) -> 14742.16 | L62: Wholesale | M62: 2
A63: ORD1062 | B63: 45925 | C63: East | D63: Stationery | E63: Desk Organizer | F63: Arjun | G63: 15 | H63: 1609.17 | I63: 0.15 | J63: =G63*H63*(1-I63) -> 20516.918 | K63: =ROUND(J63*0.31,2) -> 6360.24 | L63: Wholesale | M63: 3
A64: ORD1063 | B64: 45702 | C64: East | D64: Grocery | E64: Cooking Oil | F64: Arjun | G64: 19 | H64: 2194.61 | I64: 0.1 | J64: =G64*H64*(1-I64) -> 37527.831 | K64: =ROUND(J64*0.213,2) -> 7993.43 | L64: Wholesale | M64: 1
A65: ORD1064 | B65: 45824 | C65: South | D65: Grocery | E65: Cooking Oil | F65: Vikram | G65: 9 | H65: 1290.14 | I65: 0.1 | J65: =G65*H65*(1-I65) -> 10450.134 | K65: =ROUND(J65*0.083,2) -> 867.36 | L65: Wholesale | M65: 5
A66: ORD1065 | B66: 45755 | C66: North | D66: Furniture | E66: Sofa | F66: Arjun | G66: 18 | H66: 6896.03 | I66: 0.15 | J66: =G66*H66*(1-I66) -> 105509.26 | K66: =ROUND(J66*0.201,2) -> 21207.36 | L66: Wholesale | M66: 4
A67: ORD1066 | B67: 45666 | C67: North | D67: Clothing | E67: Jeans | F67: Meera | G67: 23 | H67: 965.07 | I67: 0.15 | J67: =G67*H67*(1-I67) -> 18867.119 | K67: =ROUND(J67*0.229,2) -> 4320.57 | L67: Wholesale | M67: 4
A68: ORD1067 | B68: 45834 | C68: West | D68: Stationery | E68: Backpack | F68: Vikram | G68: 23 | H68: 1670.05 | I68: 0.05 | J68: =G68*H68*(1-I68) -> 36490.592 | K68: =ROUND(J68*0.113,2) -> 4123.44 | L68: Wholesale | M68: 2
A69: ORD1068 | B69: 45756 | C69: East | D69: Electronics | E69: Smartwatch | F69: Priya | G69: 7 | H69: 9854.85 | I69: 0.1 | J69: =G69*H69*(1-I69) -> 62085.555 | K69: =ROUND(J69*0.344,2) -> 21357.43 | L69: Wholesale | M69: 5
A70: ORD1069 | B70: 45926 | C70: East | D70: Electronics | E70: Smartphone | F70: Sneha | G70: 8 | H70: 16335.52 | I70: 0.05 | J70: =G70*H70*(1-I70) -> 124149.95 | K70: =ROUND(J70*0.114,2) -> 14153.09 | L70: Retail | M70: 5
A71: ORD1070 | B71: 45681 | C71: North | D71: Stationery | E71: Backpack | F71: Priya | G71: 21 | H71: 3059.35 | I71: 0.1 | J71: =G71*H71*(1-I71) -> 57821.715 | K71: =ROUND(J71*0.235,2) -> 13588.1 | L71: Retail | M71: 1
A72: ORD1071 | B72: 45898 | C72: West | D72: Grocery | E72: Snack Pack | F72: Priya | G72: 2 | H72: 995.8 | I72: 0.2 | J72: =G72*H72*(1-I72) -> 1593.28 | K72: =ROUND(J72*0.302,2) -> 481.17 | L72: Wholesale | M72: 1
A73: ORD1072 | B73: 45863 | C73: West | D73: Electronics | E73: Smartwatch | F73: Ananya | G73: 5 | H73: 6841.51 | I73: 0.1 | J73: =G73*H73*(1-I73) -> 30786.795 | K73: =ROUND(J73*0.348,2) -> 10713.8 | L73: Wholesale | M73: 1
A74: ORD1073 | B74: 45718 | C74: West | D74: Stationery | E74: Desk Organizer | F74: Karan | G74: 25 | H74: 1900.62 | I74: 0.1 | J74: =G74*H74*(1-I74) -> 42763.95 | K74: =ROUND(J74*0.312,2) -> 13342.35 | L74: Wholesale | M74: 3
A75: ORD1074 | B75: 45877 | C75: East | D75: Stationery | E75: Desk Organizer | F75: Ananya | G75: 20 | H75: 3366.36 | I75: 0 | J75: =G75*H75*(1-I75) -> 67327.2 | K75: =ROUND(J75*0.151,2) -> 10166.41 | L75: Retail | M75: 2
A76: ORD1075 | B76: 45699 | C76: South | D76: Furniture | E76: Study Table | F76: Rohit | G76: 6 | H76: 323.28 | I76: 0.1 | J76: =G76*H76*(1-I76) -> 1745.712 | K76: =ROUND(J76*0.089,2) -> 155.37 | L76: Wholesale | M76: 3
A77: ORD1076 | B77: 45805 | C77: East | D77: Grocery | E77: Rice Bag | F77: Karan | G77: 9 | H77: 2789.22 | I77: 0.15 | J77: =G77*H77*(1-I77) -> 21337.533 | K77: =ROUND(J77*0.111,2) -> 2368.47 | L77: Retail | M77: 4
A78: ORD1077 | B78: 45773 | C78: South | D78: Clothing | E78: Jeans | F78: Rohit | G78: 2 | H78: 705.84 | I78: 0.05 | J78: =G78*H78*(1-I78) -> 1341.096 | K78: =ROUND(J78*0.114,2) -> 152.88 | L78: Wholesale | M78: 4
A79: ORD1078 | B79: 46010 | C79: East | D79: Grocery | E79: Snack Pack | F79: Arjun | G79: 15 | H79: 419.48 | I79: 0 | J79: =G79*H79*(1-I79) -> 6292.2 | K79: =ROUND(J79*0.243,2) -> 1529 | L79: Wholesale | M79: 3
A80: ORD1079 | B80: 45671 | C80: North | D80: Furniture | E80: Bed Frame | F80: Ananya | G80: 25 | H80: 6148.85 | I80: 0.05 | J80: =G80*H80*(1-I80) -> 146035.19 | K80: =ROUND(J80*0.207,2) -> 30229.28 | L80: Retail | M80: 2
A81: ORD1080 | B81: 45991 | C81: West | D81: Clothing | E81: Jeans | F81: Meera | G81: 21 | H81: 2877.72 | I81: 0 | J81: =G81*H81*(1-I81) -> 60432.12 | K81: =ROUND(J81*0.19,2) -> 11482.1 | L81: Wholesale | M81: 3
A82: ORD1081 | B82: 45822 | C82: North | D82: Furniture | E82: Bookshelf | F82: Meera | G82: 23 | H82: 4610.58 | I82: 0.15 | J82: =G82*H82*(1-I82) -> 90136.839 | K82: =ROUND(J82*0.09,2) -> 8112.32 | L82: Wholesale | M82: 5
A83: ORD1082 | B83: 45703 | C83: East | D83: Clothing | E83: Jacket | F83: Rohit | G83: 25 | H83: 1503.99 | I83: 0.1 | J83: =G83*H83*(1-I83) -> 33839.775 | K83: =ROUND(J83*0.205,2) -> 6937.15 | L83: Retail | M83: 5
A84: ORD1083 | B84: 45685 | C84: South | D84: Stationery | E84: Backpack | F84: Arjun | G84: 21 | H84: 1630.84 | I84: 0 | J84: =G84*H84*(1-I84) -> 34247.64 | K84: =ROUND(J84*0.228,2) -> 7808.46 | L84: Retail | M84: 3
A85: ORD1084 | B85: 45805 | C85: West | D85: Grocery | E85: Rice Bag | F85: Ananya | G85: 21 | H85: 2189.72 | I85: 0 | J85: =G85*H85*(1-I85) -> 45984.12 | K85: =ROUND(J85*0.229,2) -> 10530.36 | L85: Retail | M85: 3
A86: ORD1085 | B86: 45940 | C86: West | D86: Electronics | E86: Smartphone | F86: Rohit | G86: 15 | H86: 42625.67 | I86: 0.15 | J86: =G86*H86*(1-I86) -> 543477.29 | K86: =ROUND(J86*0.332,2) -> 180434.46 | L86: Retail | M86: 4
A87: ORD1086 | B87: 45807 | C87: East | D87: Grocery | E87: Beverages | F87: Arjun | G87: 8 | H87: 1680.23 | I87: 0 | J87: =G87*H87*(1-I87) -> 13441.84 | K87: =ROUND(J87*0.329,2) -> 4422.37 | L87: Wholesale | M87: 2
A88: ORD1087 | B88: 45918 | C88: South | D88: Electronics | E88: Headphones | F88: Meera | G88: 11 | H88: 42051.04 | I88: 0.1 | J88: =G88*H88*(1-I88) -> 416305.3 | K88: =ROUND(J88*0.156,2) -> 64943.63 | L88: Wholesale | M88: 1
A89: ORD1088 | B89: 45810 | C89: West | D89: Furniture | E89: Sofa | F89: Arjun | G89: 12 | H89: 3192.23 | I89: 0.2 | J89: =G89*H89*(1-I89) -> 30645.408 | K89: =ROUND(J89*0.332,2) -> 10174.28 | L89: Wholesale | M89: 4
A90: ORD1089 | B90: 45754 | C90: South | D90: Stationery | E90: Marker Pack | F90: Karan | G90: 25 | H90: 1526.1 | I90: 0.05 | J90: =G90*H90*(1-I90) -> 36244.875 | K90: =ROUND(J90*0.184,2) -> 6669.06 | L90: Wholesale | M90: 4
A91: ORD1090 | B91: 45997 | C91: South | D91: Grocery | E91: Rice Bag | F91: Priya | G91: 17 | H91: 3383.93 | I91: 0.05 | J91: =G91*H91*(1-I91) -> 54650.469 | K91: =ROUND(J91*0.107,2) -> 5847.6 | L91: Retail | M91: 4
A92: ORD1091 | B92: 45891 | C92: North | D92: Furniture | E92: Sofa | F92: Priya | G92: 3 | H92: 4384.57 | I92: 0.05 | J92: =G92*H92*(1-I92) -> 12496.024 | K92: =ROUND(J92*0.267,2) -> 3336.44 | L92: Wholesale | M92: 5
A93: ORD1092 | B93: 45990 | C93: North | D93: Clothing | E93: Cap | F93: Meera | G93: 11 | H93: 2249.78 | I93: 0.2 | J93: =G93*H93*(1-I93) -> 19798.064 | K93: =ROUND(J93*0.09,2) -> 1781.83 | L93: Wholesale | M93: 5
A94: ORD1093 | B94: 45693 | C94: South | D94: Clothing | E94: Jeans | F94: Rohit | G94: 14 | H94: 3427.43 | I94: 0.2 | J94: =G94*H94*(1-I94) -> 38387.216 | K94: =ROUND(J94*0.125,2) -> 4798.4 | L94: Retail | M94: 4
A95: ORD1094 | B95: 45811 | C95: North | D95: Electronics | E95: Headphones | F95: Ananya | G95: 10 | H95: 16227.08 | I95: 0.1 | J95: =G95*H95*(1-I95) -> 146043.72 | K95: =ROUND(J95*0.223,2) -> 32567.75 | L95: Retail | M95: 2
A96: ORD1095 | B96: 45947 | C96: South | D96: Furniture | E96: Study Table | F96: Rohit | G96: 20 | H96: 7876.3 | I96: 0.1 | J96: =G96*H96*(1-I96) -> 141773.4 | K96: =ROUND(J96*0.326,2) -> 46218.13 | L96: Retail | M96: 4
A97: ORD1096 | B97: 45731 | C97: South | D97: Grocery | E97: Snack Pack | F97: Arjun | G97: 9 | H97: 2383.92 | I97: 0.2 | J97: =G97*H97*(1-I97) -> 17164.224 | K97: =ROUND(J97*0.263,2) -> 4514.19 | L97: Wholesale | M97: 3
A98: ORD1097 | B98: 45738 | C98: North | D98: Grocery | E98: Snack Pack | F98: Sneha | G98: 21 | H98: 3372.8 | I98: 0.15 | J98: =G98*H98*(1-I98) -> 60204.48 | K98: =ROUND(J98*0.308,2) -> 18542.98 | L98: Wholesale | M98: 4
A99: ORD1098 | B99: 45759 | C99: West | D99: Grocery | E99: Rice Bag | F99: Karan | G99: 13 | H99: 2065.94 | I99: 0.1 | J99: =G99*H99*(1-I99) -> 24171.498 | K99: =ROUND(J99*0.086,2) -> 2078.75 | L99: Wholesale | M99: 3
A100: ORD1099 | B100: 45995 | C100: West | D100: Clothing | E100: T-Shirt | F100: Ananya | G100: 20 | H100: 2646.33 | I100: 0.2 | J100: =G100*H100*(1-I100) -> 42341.28 | K100: =ROUND(J100*0.244,2) -> 10331.27 | L100: Wholesale | M100: 2
...

Sheet Assignment_Questions
A1: Q.No | B1: Topic | C1: Question | D1: Your Answer (type formula here)
A2: 1 | B2: IF | C2: In cell F2 area (use your Answer column), write a formula that returns "High" if a single order's Sales (Sales_Data!J2) is greater than 20000, otherwise "Low". | D2: =IF(SalesRep>20000,"high","low")
A3: 2 | B3: IF | C3: Write a formula that checks Sales_Data!M2 (Rating) and returns "Good" if the rating is 4 or above, otherwise "Needs Improvement". | D3: =IF(Rating>=4,"good","need improvement")
A4: 3 | B4: IF | C4: Write a formula that returns "Wholesale Deal" if Sales_Data!L2 equals "Wholesale", otherwise "Retail Deal". | D4: =IF(sales=wholesale,"wholesale deal","retail deal")
A5: 4 | B5: Nested IF | C5: Write a nested IF formula that classifies Sales_Data!J2 (Sales) into "Small" (< 5000), "Medium" (5000 to 20000), or "Large" (> 20000). | D5: =IF(Sales<5000,"small", IF(Sales>=5000,"medium", IF(Sales>20000,"large")))
A6: 5 | B6: Nested IF | C6: Write a nested IF formula that grades Sales_Data!M2 (Rating) as "Excellent" (5), "Good" (3 or 4), or "Poor" (1 or 2). | D6: =IF(Rating=5,"excelent", IF(Rating>=3,"good", IF(Rating>=1,"poor")))
A7: 6 | B7: Nested IF | C7: Write a nested IF formula that assigns a Discount Tier to Sales_Data!I2 (Discount%): "No Discount" (0), "Low" (up to 10%), "High" (above 10%). | D7: =IF(Discount=0,"No Discount", IF(Discount>=1%,"Low", IF(Discount>10%,"high")))
A8: 7 | B8: IFS | C8: Rewrite Question 4 (Sales classification into Small/Medium/Large) using the IFS function instead of nested IF. | D8: =IFS(Sales<5000,"small",Sales>=5000,"medium",Sales>20000,"large")
A9: 8 | B9: IFS | C9: Using IFS, classify Sales_Data!G2 (Units) as "Bulk Order" (>=15), "Standard Order" (5 to 14), or "Small Order" (<5). | D9: =IFS(Units>=15,"Bulk Order",Units>=5,"Standard Order",Units<5,"Small Order")
A10: 9 | B10: IFS | C10: Using IFS, return the Region-wise shift label for Sales_Data!C2: "North" -> "Zone A", "South" -> "Zone B", "East" -> "Zone C", "West" -> "Zone D". | D10: =IFS(Region="north","Zone A",Region="south","Zone B",Region="East","Zone C",Region="West","Zone D")
A11: 10 | B11: SUMIF | C11: Find the total Sales for the "Electronics" category using SUMIF. | D11: =SUMIF(Category,"Electronics",Sales)
A12: 11 | B12: SUMIF | C12: Find the total Profit for orders placed in the "North" region using SUMIF. | D12: =SUMIF(Region,"North",Profit)
A13: 12 | B13: SUMIF | C13: Find the total Sales for all orders with Rating equal to 5 using SUMIF. | D13: =SUMIF(Rating,"5",Sales)
... A29: 28 | B29: MAXIFS | C29: Find the maximum Sales value among "Wholesale" customers in the "South" region, using MAXIFS. | D29: =MAXIFS(Sales,CustomerType,"Wholesale",Region,"South")

Sheet Conditional_Formatting_Tasks
A1: Conditional Formatting Tasks
A2: Perform these tasks on a COPY of the Sales_Data sheet. Right-click the 'Sales_Data' tab, choose 'Move or Copy', tick 'Create a copy', and rename it 'Sales_Data_Formatted'. Apply each rule below using Home > Conditional Formatting.
A4: 1 | B4: Highlight the Sales column (J) in GREEN if the value is greater than 20000, and in RED if less than 5000.
A5: 2 | B5: Apply a Data Bar to the Profit column (K) so you can visually compare profit across all orders.
A6: 3 | B6: Apply a 3-Color Scale to the Rating column (M) so low ratings appear red and high ratings appear green.
A7: 4 | B7: Use an Icon Set (3 arrows) on the Discount% column (I) to show low, medium, and high discounts.
A8: 5 | B8: Highlight duplicate values in the Product column (E) using 'Highlight Cell Rules > Duplicate Values'.
A9: 6 | B9: Highlight the entire row in light yellow wherever CustomerType (L) = "Wholesale", using a formula-based rule (e.g. =$L2="Wholesale").
A10: 7 | B10: Highlight the OrderDate cell (B) in orange for any order placed in the month of December.

Sheet Answer_Key (Trainer Only)
A1: Q.No | B1: Topic | C1: Question | D1: Model Answer / Formula
A2: 1 | B2: IF | C2: In cell F2 area (use your Answer column), write a formula that returns "High" if a single order's Sales (Sales_Data!J2) is greater than 20000, otherwise "Low". | D2: =IF(Sales_Data!J2>20000,"High","Low") -> High
A3: 2 | B3: IF | C3: Write a formula that checks Sales_Data!M2 (Rating) and returns "Good" if the rating is 4 or above, otherwise "Needs Improvement". | D3: =IF(Sales_Data!M2>=4,"Good","Needs Improvement") -> Good
A4: 3 | B4: IF | C4: Write a formula that returns "Wholesale Deal" if Sales_Data!L2 equals "Wholesale", otherwise "Retail Deal". | D4: =IF(Sales_Data!L2="Wholesale","Wholesale Deal","Retail Deal") -> Retail Deal
A5: 4 | B5: Nested IF | C5: Write a nested IF formula that classifies Sales_Data!J2 (Sales) into "Small" (< 5000), "Medium" (5000 to 20000), or "Large" (> 20000). | D5: =IF(Sales_Data!J2<5000,"Small",IF(Sales_Data!J2<=20000,"Medium","Large")) -> Large
A6: 5 | B6: Nested IF | C6: Write a nested IF formula that grades Sales_Data!M2 (Rating) as "Excellent" (5), "Good" (3 or 4), or "Poor" (1 or 2). | D6: =IF(Sales_Data!M2=5,"Excellent",IF(Sales_Data!M2>=3,"Good","Poor")) -> Excellent
A7: 6 | B7: Nested IF | C7: Write a nested IF formula that assigns a Discount Tier to Sales_Data!I2 (Discount%): "No Discount" (0), "Low" (up to 10%), "High" (above 10%). | D7: =IF(Sales_Data!I2=0,"No Discount",IF(Sales_Data!I2<=0.1,"Low","High")) -> No Discount
A8: 7 | B8: IFS | C8: Rewrite Question 4 (Sales classification into Small/Medium/Large) using the IFS function instead of nested IF. | D8: =_xlfn.IFS(Sales_Data!J2<5000,"Small",Sales_Data!J2<=20000,"Medium",Sales_Data!J2>20000,"Large") -> Large
A9: 8 | B9: IFS | C9: Using IFS, classify Sales_Data!G2 (Units) as "Bulk Order" (>=15), "Standard Order" (5 to 14), or "Small Order" (<5). | D9: =_xlfn.IFS(Sales_Data!G2>=15,"Bulk Order",Sales_Data!G2>=5,"Standard Order",Sales_Data!G2<5,"Small Order") -> Standard Order
A10: 9 | B10: IFS | C10: Using IFS, return the Region-wise shift label for Sales_Data!C2: "North" -> "Zone A", "South" -> "Zone B", "East" -> "Zone C", "West" -> "Zone D". | D10: =_xlfn.IFS(Sales_Data!C2="North","Zone A",Sales_Data!C2="South","Zone B",Sales_Data!C2="East","Zone C",Sales_Data!C2="West","Zone D") -> Zone A
A11: 10 | B11: SUMIF | C11: Find the total Sales for the "Electronics" category using SUMIF. | D11: =SUMIF(Sales_Data!D:D,"Electronics",Sales_Data!J:J) -> 3660496
A12: 11 | B12: SUMIF | C12: Find the total Profit for orders placed in the "North" region using SUMIF. | D12: =SUMIF(Sales_Data!C:C,"North",Sales_Data!K:K) -> 498720.05
A13: 12 | B13: SUMIF | C13: Find the total Sales for all orders with Rating equal to 5 using SUMIF. | D13: =SUMIF(Sales_Data!M:M,5,Sales_Data!J:J) -> 790492.62
A14: 13 | B14: SUMIFS | C14: Find the total Sales for the "Electronics" category in the "North" region using SUMIFS. | D14: =SUMIFS(Sales_Data!J:J,Sales_Data!D:D,"Electronics",Sales_Data!C:C,"North") -> 1205581.2
A15: 14 | B15: SUMIFS | C15: Find the total Profit for "Wholesale" customers with Sales greater than 10000, using SUMIFS. | D15: =SUMIFS(Sales_Data!K:K,Sales_Data!L:L,"Wholesale",Sales_Data!J:J,">10000") -> 566137.35
A16: 15 | B16: SUMIFS | C16: Find total Sales for orders from SalesRep "Ananya" in the "Clothing" category with a Discount% greater than 0, using SUMIFS. | D16: =SUMIFS(Sales_Data!J:J,Sales_Data!F:F,"Ananya",Sales_Data!D:D,"Clothing",Sales_Data!I:I,">0") -> 42341.28
A17: 16 | B17: AVERAGEIF | C17: Find the average UnitPrice for the "Furniture" category using AVERAGEIF. | D17: =AVERAGEIF(Sales_Data!D:D,"Furniture",Sales_Data!H:H) -> 5379.4805
A18: 17 | B18: AVERAGEIF | C18: Find the average Rating for orders from the "West" region using AVERAGEIF. | D18: =AVERAGEIF(Sales_Data!C:C,"West",Sales_Data!M:M) -> 2.9130435
A19: 18 | B19: AVERAGEIFS | C19: Find the average Sales for "Retail" customers in the "Grocery" category using AVERAGEIFS. | D19: =AVERAGEIFS(Sales_Data!J:J,Sales_Data!L:L,"Retail",Sales_Data!D:D,"Grocery") -> 21427.682
A20: 19 | B20: AVERAGEIFS | C20: Find the average Profit for orders in the "South" region with Units greater than 10, using AVERAGEIFS. | D20: =AVERAGEIFS(Sales_Data!K:K,Sales_Data!C:C,"South",Sales_Data!G:G,">10") -> 17683.03
A21: 20 | B21: COUNTIF | C21: Count how many orders belong to the "Stationery" category using COUNTIF. | D21: =COUNTIF(Sales_Data!D:D,"Stationery") -> 21
A22: 21 | B22: COUNTIF | C22: Count how many orders have a Rating of 5 using COUNTIF. | D22: =COUNTIF(Sales_Data!M:M,5) -> 17
A23: 22 | B23: COUNTIF | C23: Count how many orders have Sales greater than 15000 using COUNTIF. | D23: =COUNTIF(Sales_Data!J:J,">15000") -> 76
A24: 23 | B24: COUNTIFS | C24: Count how many "Wholesale" orders came from the "East" region using COUNTIFS. | D24: =COUNTIFS(Sales_Data!L:L,"Wholesale",Sales_Data!C:C,"East") -> 9
A25: 24 | B25: COUNTIFS | C25: Count how many orders in the "Electronics" category have a Discount% greater than 10%, using COUNTIFS. | D25: =COUNTIFS(Sales_Data!D:D,"Electronics",Sales_Data!I:I,">0.1") -> 2
A26: 25 | B26: MINIFS | C26: Find the minimum Sales value for the "Clothing" category using MINIFS. | D26: =_xlfn.MINIFS(Sales_Data!J:J,Sales_Data!D:D,"Clothing") -> 923.67
A27: 26 | B27: MINIFS | C27: Find the minimum UnitPrice among orders from the "North" region using MINIFS. | D27: =_xlfn.MINIFS(Sales_Data!H:H,Sales_Data!C:C,"North") -> 298.69
A28: 27 | B28: MAXIFS | C28: Find the maximum Profit for the "Electronics" category using MAXIFS. | D28: =_xlfn.MAXIFS(Sales_Data!K:K,Sales_Data!D:D,"Electronics") -> 201951.71
A29: 28 | B29: MAXIFS | C29: Find the maximum Sales value among "Wholesale" customers in the "South" region, using MAXIFS. | D29: =_xlfn.MAXIFS(Sales_Data!J:J,Sales_Data!L:L,"Wholesale",Sales_Data!C:C,"South") -> 636284.16
